<?xml version="1.0" encoding="utf-8"?>
<odoo>
    <!--A New category for university education groups-->
    <record model="ir.module.category" id="module_category_university">
        <field name="name">University</field>
        <field name="description">Helps you to manage your institution</field>
        <field name="sequence">5</field>
    </record>
    <!--Staff security group-->
    <record id="education_university_management_group_faculty" model="res.groups">
        <field name="name">Staff</field>
        <field name="implied_ids" eval="[(4, ref('base.group_user'))]"/>
        <field name="category_id" ref="module_category_university"/>
    </record>
    <!--HOD security group-->
    <record id="education_university_management_group_hod" model="res.groups">
        <field name="name">Head Of Department</field>
        <field name="implied_ids"
               eval="[(4, ref('education_university_management_group_faculty'))]"/>
        <field name="category_id" ref="module_category_university"/>
    </record>
    <!--Principal security group-->
    <record id="education_university_management_group_principal" model="res.groups">
        <field name="name">Principal</field>
        <field name="category_id" ref="module_category_university"/>
        <field name="implied_ids" eval="[(4, ref('education_university_management_group_hod'))]"/>
        <field name="users"
               eval="[(4, ref('base.user_root')), (4, ref('base.user_admin'))]"/>
    </record>
</odoo>
