<?xml version="1.0" encoding="utf-8"?>
<odoo>
    <data>
        <!--Academic Year data-->
        <record id="university_academic_year_data"
                model="university.academic.year">
            <field name="name">2022-2023</field>
            <field name="start_date">2022-06-01</field>
            <field name="end_date">2023-04-01</field>
            <field name="is_active">1</field>
        </record>
        <!--Document type data 1-->
        <record id="document_type_data" model="university.document.type">
            <field name="name">TC</field>
            <field name="description">Transfer Certificate</field>
        </record>
        <!--Document type data 2-->
        <record id="document_type_data2" model="university.document.type">
            <field name="name">Birth Certificate</field>
            <field name="description">Birth Certificate of the student</field>
        </record>
        <!--Reject reason data-->
        <record id="reject_reason_data" model="reject.reason">
            <field name="name">Low Marks</field>
        </record>
        <!--University Course demo data 1-->
        <record id="university_course_data1" model="university.course">
            <field name="name">Degree</field>
            <field name="category">ug</field>
            <field name="no_semester">6</field>
        </record>
        <!--University Course demo data 2-->
        <record id="university_course_data2" model="university.course">
            <field name="name">BTech</field>
            <field name="category">ug</field>
            <field name="no_semester">8</field>
        </record>
        <!--University Department demo data 1-->
        <record id="university_department_data1" model="university.department">
            <field name="name">Computer Science</field>
            <field name="code">CSE</field>
            <field name="course_id" ref="university_course_data2"/>
        </record>
        <!--University Department demo data 2-->
        <record id="university_department_data2" model="university.department">
            <field name="name">Economics</field>
            <field name="code">BA.ECO</field>
            <field name="course_id" ref="university_course_data1"/>
        </record>
        <!--University Subjects demo data 1-->
        <record id="university_subject_data1" model="university.subject">
            <field name="name">English</field>
            <field name="code">ENG</field>
            <field name="type">compulsory</field>
            <field name="is_language">1</field>
            <field name="weightage">3</field>
        </record>
        <!--University Subjects demo data 2-->
        <record id="university_subject_data2" model="university.subject">
            <field name="name">Basics of Python</field>
            <field name="code">PYTHON</field>
            <field name="type">compulsory</field>
            <field name="weightage">4</field>
        </record>
        <!--University Subjects demo data 3-->
        <record id="university_subject_data3" model="university.subject">
            <field name="name">Physics</field>
            <field name="code">PHY</field>
            <field name="type">compulsory</field>
            <field name="weightage">4</field>
        </record>
        <!--University Subjects demo data 4-->
        <record id="university_subject_data4" model="university.subject">
            <field name="name">Chemistry</field>
            <field name="code">CHE</field>
            <field name="type">compulsory</field>
            <field name="weightage">4</field>
        </record>
        <!--University Semester demo data 1-->
        <record id="university_semester_data1" model="university.semester">
            <field name="semester_no">6</field>
            <field name="department_id" ref="university_department_data1"/>
        </record>
        <!--University Batch demo data-->
        <record id="university_batch_data" model="university.batch">
            <field name="semester_id" ref="university_semester_data1"/>
            <field name="academic_year_id"
                   ref="university_academic_year_data"/>
            <field name="batch_strength">30</field>
        </record>
        <!--University Timetable Period demo data 1-->
        <record id="timetable_period_data1" model="timetable.period">
            <field name="name">Period 1</field>
            <field name="time_from">10.00</field>
            <field name="time_to">11.00</field>
        </record>
        <!--University Timetable Period demo data 2-->
        <record id="timetable_period_data2" model="timetable.period">
            <field name="name">Period 2</field>
            <field name="time_from">11.00</field>
            <field name="time_to">12.00</field>
        </record>
        <!--University Faculty demo data 1-->
        <record id="university_faculty_data1" model="university.faculty">
            <field name="name">John</field>
            <field name="last_name">Aryan</field>
            <field name="date_of_birth">1993-02-25</field>
            <field name="email">johnaryan@gmail.com</field>
            <field name="mobile">+916745397801</field>
            <field name="image" type="base64"
                   file="education_university_management/static/src/img/faculty1.jpeg"/>
        </record>
        <!--University Faculty demo data 2-->
        <record id="university_faculty_data2" model="university.faculty">
            <field name="name">Adams</field>
            <field name="last_name">O</field>
            <field name="date_of_birth">1993-02-25</field>
            <field name="email">adams@gmail.com</field>
            <field name="mobile">+919967934500</field>
            <field name="image" type="base64"
                   file="education_university_management/static/src/img/faculty2.png"/>
        </record>
        <!--       Exam type demo data1 -->
        <record id="university_exam_type_data1" model="university.exam.type">
            <field name="name">First Internal</field>
            <field name="exam_type">internal</field>
        </record>
        <!--       Exam type demo data2 -->
        <record id="university_exam_type_data2" model="university.exam.type">
            <field name="name">First Semester</field>
            <field name="exam_type">sem</field>
        </record>
        <!-- University parent data1-->
        <record id="university_parent_data1" model="res.partner">
            <field name="name">Daniel George</field>
            <field name="email">daniel@gmail.com</field>
            <field name="is_parent" eval="True"/>
            <field name="city">Banglore</field>
            <field name="zip">530068</field>
            <field name="country_id" ref="base.in"/>
            <field name="street">560003 Majestic</field>
        </record>
        <!-- University parent data2-->
        <record id="university_parent_data2" model="res.partner">
            <field name="name">Joseph Alex</field>
            <field name="email">joseph@cybrosys.com</field>
            <field name="is_parent" eval="True"/>
            <field name="city">Calicut</field>
            <field name="zip">670645</field>
            <field name="country_id" ref="base.in"/>
            <field name="street">670645 Calicut</field>
        </record>
        <!--Student Application demo data1 -->
        <record id="student_application_data" model="university.application">
            <field name="name">John</field>
            <field name="middle_name">Daniel</field>
            <field name="last_name">Smith</field>
            <field name="admission_date">2018-06-06 00:00:00</field>
            <field name="course_id" ref="university_course_data1"/>
            <field name="department_id" ref="university_department_data1"/>
            <field name="semester_id" ref="university_semester_data1"/>
            <field name="batch_id" ref="university_batch_data"/>
            <field name="academic_year_id"
                   ref="university_academic_year_data"/>
            <field name="father_name">Daniel George</field>
            <field name="mother_name">Lissa Abraham</field>
            <field name="guardian_id" ref="university_parent_data1"/>
            <field name="date_of_birth">1994-11-11</field>
            <field name="gender">male</field>
            <field name="blood_group">a+</field>
            <field name="street">Banglore</field>
            <field name="is_same_address">1</field>
            <field name="mobile">9998889988</field>
            <field name="email">danielsmith@gmail.com</field>
            <field name="image" type="base64"
                   file="education_university_management/static/src/img/student1.jpeg"/>
        </record>
        <!--Student Application demo data2 -->
        <record id="student_application_data2" model="university.application">
            <field name="name">Alana</field>
            <field name="last_name">Joseph</field>
            <field name="admission_date">2018-06-06 00:00:00</field>
            <field name="course_id" ref="university_course_data1"/>
            <field name="department_id" ref="university_department_data1"/>
            <field name="semester_id" ref="university_semester_data1"/>
            <field name="academic_year_id"
                   ref="university_academic_year_data"/>
            <field name="father_name">Joseph Alex</field>
            <field name="mother_name">Smitha</field>
            <field name="guardian_id" ref="university_parent_data2"/>
            <field name="date_of_birth">1994-11-11</field>
            <field name="gender">female</field>
            <field name="blood_group">o+</field>
            <field name="street">Kochi</field>
            <field name="is_same_address">1</field>
            <field name="mobile">8936458900</field>
            <field name="email">alana@gmail.com</field>
            <field name="image" type="base64"
                   file="education_university_management/static/src/img/student2.jpeg"/>
        </record>
    </data>
</odoo>
